run_sha,run_date,build_wall_s,budget_s
364ad9851591fef756e2c6b03dcda631079d29fd,2026-08-24T07:01:35Z,350,300
85fca314be86f27fb90560af928ea4eac4be7865,2026-08-25T06:52:55Z,344,300
6255eb6bfeda2e42e8c4fb6e109df1d33526aaa5,2026-08-26T06:52:03Z,290,300
02029b43cac298072907259ab2922dfbab4f5fea,2026-08-27T17:29:43Z,329,300
25ff329ff032fcffcb421a7b18f99174b409266b,2026-08-28T18:23:23Z,365,300
e7522fffe26b53de4d0d7a0b893fae0f6a1d91a8,2026-08-29T12:26:17Z,355,300
be4bc0603217e011e6df9533c31cbb354f8f4a84,2026-08-30T11:21:40Z,356,300
ac593ab48d6b0d4c7b12f372c50eb787ee9fcea8,2026-08-31T12:45:03Z,361,300
443148b83256c5a0158690c1daa102312c3f33df,2026-09-01T11:14:53Z,362,300
c49e8644e95604fc3e890b80bae7e02e56e1d5fa,2026-09-02T10:43:31Z,360,300
3a8d8efafaf1317bbf9a5c085eb8fb6e24f3c764,2026-09-03T10:45:58Z,247,300
9affdebaaba4e8d716520c0dc4942246734701d7,2026-09-04T10:38:31Z,294,300
ae8d11b3c79c8c0a39a7aad74e79c2501aa99570,2026-09-05T10:08:24Z,366,300
891373d1c6b3536dc1273384355991ea0c2a1e23,2026-09-06T10:24:38Z,371,300
43e264489df7194dcccf438a4541c85f91d6bb79,2026-09-09T10:55:26Z,385,300
ae44c18c2858d6d5983ce46e1b8c55301edaf344,2026-09-10T10:43:02Z,384,300
ef2f6bb7614d2cae0bcce801ec44d78057d341a4,2026-09-11T10:45:28Z,387,300
84a4eceed84b1838caddbc27b253b8de42dd81ea,2026-09-12T10:09:02Z,258,300
d006f5f931ac0a5695eeec6ed0117244495a1e7f,2026-09-13T11:14:58Z,362,300
10fbc99e6a7c3a7fd37a49a4715517431cc0e1a3,2026-09-15T11:10:25Z,371,300
1c3dc6a1acba905d69cd2bb98cb05dcdb582c5ac,2026-09-16T10:59:16Z,363,300
fe4bf33615c19b9ecc0d490a5a0d888f6e59aa0e,2026-09-17T11:07:43Z,368,300
b03fdfb7446b30b0b7e2369785469575bfac960b,2026-09-18T10:40:11Z,304,300
a51f912e34ccdb8f758917985c5f620c6622f6fe,2026-09-19T10:26:41Z,340,300
3feefe4545acd87fd904444eab46077e90d2bf2b,2026-09-20T10:46:34Z,379,300
45433f7bcdbe12f077d6fdbfd82021dccde04702,2026-09-21T12:04:00Z,367,300
