run_sha,run_date,module,time_s,peak_kb,ir_lines,status,seed_version
364ad9851591fef756e2c6b03dcda631079d29fd,2026-08-24T07:01:35Z,sfn__analyzer__analyzer,1.55,345636,3334,ok,0.10.4
364ad9851591fef756e2c6b03dcda631079d29fd,2026-08-24T07:01:35Z,sfn__analyzer__bare_assert_check,0.86,200828,3505,ok,0.10.4
364ad9851591fef756e2c6b03dcda631079d29fd,2026-08-24T07:01:35Z,sfn__analyzer__capture_model,0.63,167980,589,ok,0.10.4
364ad9851591fef756e2c6b03dcda631079d29fd,2026-08-24T07:01:35Z,sfn__analyzer__decorator_resolver,0.87,201896,2170,ok,0.10.4
364ad9851591fef756e2c6b03dcda631079d29fd,2026-08-24T07:01:35Z,sfn__analyzer__decorator_semantics,0.26,145936,216,ok,0.10.4
364ad9851591fef756e2c6b03dcda631079d29fd,2026-08-24T07:01:35Z,sfn__analyzer__diagnostic,0.27,149604,294,ok,0.10.4
364ad9851591fef756e2c6b03dcda631079d29fd,2026-08-24T07:01:35Z,sfn__analyzer__effect_diagnostics,0.78,192316,1683,ok,0.10.4
364ad9851591fef756e2c6b03dcda631079d29fd,2026-08-24T07:01:35Z,sfn__analyzer__effect_imports,1.16,252820,2375,ok,0.10.4
364ad9851591fef756e2c6b03dcda631079d29fd,2026-08-24T07:01:35Z,sfn__analyzer__effect_taxonomy,0.27,150336,390,ok,0.10.4
364ad9851591fef756e2c6b03dcda631079d29fd,2026-08-24T07:01:35Z,sfn__analyzer__import_resolution_check,0.74,184480,1156,ok,0.10.4
364ad9851591fef756e2c6b03dcda631079d29fd,2026-08-24T07:01:35Z,sfn__analyzer__mod,0.49,145880,899,ok,0.10.4
364ad9851591fef756e2c6b03dcda631079d29fd,2026-08-24T07:01:35Z,sfn__analyzer__ownership_checker,6.57,1383072,35477,ok,0.10.4
364ad9851591fef756e2c6b03dcda631079d29fd,2026-08-24T07:01:35Z,sfn__analyzer__ownership_task_provenance,1.70,433184,10264,ok,0.10.4
364ad9851591fef756e2c6b03dcda631079d29fd,2026-08-24T07:01:35Z,sfn__analyzer__prelude_scan,0.36,164376,980,ok,0.10.4
364ad9851591fef756e2c6b03dcda631079d29fd,2026-08-24T07:01:35Z,sfn__analyzer__reexport_check,0.80,192788,2387,ok,0.10.4
364ad9851591fef756e2c6b03dcda631079d29fd,2026-08-24T07:01:35Z,sfn__analyzer__symbols_index,0.94,228384,2852,ok,0.10.4
364ad9851591fef756e2c6b03dcda631079d29fd,2026-08-24T07:01:35Z,sfn__analyzer__type_id,0.29,153948,400,ok,0.10.4
364ad9851591fef756e2c6b03dcda631079d29fd,2026-08-24T07:01:35Z,sfn__analyzer__type_interner,1.50,495152,0,FAIL,0.10.4
364ad9851591fef756e2c6b03dcda631079d29fd,2026-08-24T07:01:35Z,sfn__analyzer__typecheck_captures,1.84,456024,12063,ok,0.10.4
364ad9851591fef756e2c6b03dcda631079d29fd,2026-08-24T07:01:35Z,sfn__analyzer__typecheck_imports,1.00,211900,1667,ok,0.10.4
364ad9851591fef756e2c6b03dcda631079d29fd,2026-08-24T07:01:35Z,sfn__analyzer__effect_checker__analyzer,1.05,243360,3570,ok,0.10.4
364ad9851591fef756e2c6b03dcda631079d29fd,2026-08-24T07:01:35Z,sfn__analyzer__effect_checker__collector,1.78,433384,8179,ok,0.10.4
364ad9851591fef756e2c6b03dcda631079d29fd,2026-08-24T07:01:35Z,sfn__analyzer__effect_checker__mod,1.06,219352,1303,ok,0.10.4
364ad9851591fef756e2c6b03dcda631079d29fd,2026-08-24T07:01:35Z,sfn__analyzer__effect_checker__scope,1.42,337724,5827,ok,0.10.4
364ad9851591fef756e2c6b03dcda631079d29fd,2026-08-24T07:01:35Z,sfn__analyzer__effect_checker__types,0.63,168836,601,ok,0.10.4
364ad9851591fef756e2c6b03dcda631079d29fd,2026-08-24T07:01:35Z,sfn__analyzer__effect_checker__utils,0.67,184748,959,ok,0.10.4
364ad9851591fef756e2c6b03dcda631079d29fd,2026-08-24T07:01:35Z,sfn__analyzer__effect_checker__validations,0.97,221792,3094,ok,0.10.4
364ad9851591fef756e2c6b03dcda631079d29fd,2026-08-24T07:01:35Z,sfn__analyzer__typecheck__arithmetic_rules,1.12,256188,4219,ok,0.10.4
364ad9851591fef756e2c6b03dcda631079d29fd,2026-08-24T07:01:35Z,sfn__analyzer__typecheck__block_walk,1.76,455240,5212,ok,0.10.4
364ad9851591fef756e2c6b03dcda631079d29fd,2026-08-24T07:01:35Z,sfn__analyzer__typecheck__call_signature,0.98,222904,2911,ok,0.10.4
364ad9851591fef756e2c6b03dcda631079d29fd,2026-08-24T07:01:35Z,sfn__analyzer__typecheck__concurrency_rules,0.96,215224,4135,ok,0.10.4
364ad9851591fef756e2c6b03dcda631079d29fd,2026-08-24T07:01:35Z,sfn__analyzer__typecheck__context,0.84,193272,1319,ok,0.10.4
364ad9851591fef756e2c6b03dcda631079d29fd,2026-08-24T07:01:35Z,sfn__analyzer__typecheck__expression_walk,2.51,628176,11421,ok,0.10.4
364ad9851591fef756e2c6b03dcda631079d29fd,2026-08-24T07:01:35Z,sfn__analyzer__typecheck__field_access,0.90,198404,2014,ok,0.10.4
364ad9851591fef756e2c6b03dcda631079d29fd,2026-08-24T07:01:35Z,sfn__analyzer__typecheck__function_scopes,1.25,297216,3720,ok,0.10.4
364ad9851591fef756e2c6b03dcda631079d29fd,2026-08-24T07:01:35Z,sfn__analyzer__typecheck__mod,1.22,270960,2064,ok,0.10.4
364ad9851591fef756e2c6b03dcda631079d29fd,2026-08-24T07:01:35Z,sfn__analyzer__typecheck__patterns,0.74,183780,1421,ok,0.10.4
364ad9851591fef756e2c6b03dcda631079d29fd,2026-08-24T07:01:35Z,sfn__analyzer__typecheck__primitive_rules,1.01,235156,4198,ok,0.10.4
364ad9851591fef756e2c6b03dcda631079d29fd,2026-08-24T07:01:35Z,sfn__analyzer__typecheck__statement_checks,5.82,1539252,9209,ok,0.10.4
364ad9851591fef756e2c6b03dcda631079d29fd,2026-08-24T07:01:35Z,sfn__analyzer__typecheck__symbols,1.45,335792,5322,ok,0.10.4
364ad9851591fef756e2c6b03dcda631079d29fd,2026-08-24T07:01:35Z,sfn__analyzer__typecheck__syscalls,0.94,214484,3259,ok,0.10.4
364ad9851591fef756e2c6b03dcda631079d29fd,2026-08-24T07:01:35Z,sfn__analyzer__typecheck__try_and_conditional,1.48,367248,9283,ok,0.10.4
364ad9851591fef756e2c6b03dcda631079d29fd,2026-08-24T07:01:35Z,sfn__analyzer__typecheck_types__annotation_shape_checks,0.96,233516,3203,ok,0.10.4
364ad9851591fef756e2c6b03dcda631079d29fd,2026-08-24T07:01:35Z,sfn__analyzer__typecheck_types__declaration_and_statement_checks,1.17,280136,3668,ok,0.10.4
364ad9851591fef756e2c6b03dcda631079d29fd,2026-08-24T07:01:35Z,sfn__analyzer__typecheck_types__expr_type_rules,1.03,246064,3545,ok,0.10.4
364ad9851591fef756e2c6b03dcda631079d29fd,2026-08-24T07:01:35Z,sfn__analyzer__typecheck_types__extern_abi,0.66,207496,2896,ok,0.10.4
364ad9851591fef756e2c6b03dcda631079d29fd,2026-08-24T07:01:35Z,sfn__analyzer__typecheck_types__generic_bounds,0.98,234280,2921,ok,0.10.4
364ad9851591fef756e2c6b03dcda631079d29fd,2026-08-24T07:01:35Z,sfn__analyzer__typecheck_types__interface_and_generics,0.93,213540,2988,ok,0.10.4
364ad9851591fef756e2c6b03dcda631079d29fd,2026-08-24T07:01:35Z,sfn__analyzer__typecheck_types__mod,0.65,215440,695,ok,0.10.4
364ad9851591fef756e2c6b03dcda631079d29fd,2026-08-24T07:01:35Z,sfn__analyzer__typecheck_types__named_fn_values,1.17,259696,2347,ok,0.10.4
364ad9851591fef756e2c6b03dcda631079d29fd,2026-08-24T07:01:35Z,sfn__analyzer__typecheck_types__symbol_table_and_raw_exprs,1.30,308864,4414,ok,0.10.4
364ad9851591fef756e2c6b03dcda631079d29fd,2026-08-24T07:01:35Z,sfn__analyzer__typecheck_types__text_utils,0.90,232984,4022,ok,0.10.4
364ad9851591fef756e2c6b03dcda631079d29fd,2026-08-24T07:01:35Z,sfn__analyzer__typecheck_types__value_and_object_checks,0.93,227396,2537,ok,0.10.4
364ad9851591fef756e2c6b03dcda631079d29fd,2026-08-24T07:01:35Z,sfn__codegen-llvm__atomics,1.59,412052,4520,ok,0.10.4
364ad9851591fef756e2c6b03dcda631079d29fd,2026-08-24T07:01:35Z,sfn__codegen-llvm__atomics_check,0.29,234016,437,ok,0.10.4
364ad9851591fef756e2c6b03dcda631079d29fd,2026-08-24T07:01:35Z,sfn__codegen-llvm__byte_load,1.09,254696,1828,ok,0.10.4
364ad9851591fef756e2c6b03dcda631079d29fd,2026-08-24T07:01:35Z,sfn__codegen-llvm__closures,1.00,237364,3338,ok,0.10.4
364ad9851591fef756e2c6b03dcda631079d29fd,2026-08-24T07:01:35Z,sfn__codegen-llvm__effects,1.50,370456,8609,ok,0.10.4
364ad9851591fef756e2c6b03dcda631079d29fd,2026-08-24T07:01:35Z,sfn__codegen-llvm__expressions,0.38,249404,1043,ok,0.10.4
364ad9851591fef756e2c6b03dcda631079d29fd,2026-08-24T07:01:35Z,sfn__codegen-llvm__expressions_bindings,0.45,250428,1369,ok,0.10.4
364ad9851591fef756e2c6b03dcda631079d29fd,2026-08-24T07:01:35Z,sfn__codegen-llvm__expressions_helpers,0.58,253660,2293,ok,0.10.4
364ad9851591fef756e2c6b03dcda631079d29fd,2026-08-24T07:01:35Z,sfn__codegen-llvm__expressions_literals,0.59,254940,2649,ok,0.10.4
364ad9851591fef756e2c6b03dcda631079d29fd,2026-08-24T07:01:35Z,sfn__codegen-llvm__expressions_operators,0.62,258448,3507,ok,0.10.4
364ad9851591fef756e2c6b03dcda631079d29fd,2026-08-24T07:01:35Z,sfn__codegen-llvm__expressions_parsing,1.08,270140,6558,ok,0.10.4
364ad9851591fef756e2c6b03dcda631079d29fd,2026-08-24T07:01:35Z,sfn__codegen-llvm__imports,0.85,265908,2681,ok,0.10.4
364ad9851591fef756e2c6b03dcda631079d29fd,2026-08-24T07:01:35Z,sfn__codegen-llvm__lifetime,1.34,324340,5347,ok,0.10.4
364ad9851591fef756e2c6b03dcda631079d29fd,2026-08-24T07:01:35Z,sfn__codegen-llvm__lowering_debug_state,0.31,275688,695,ok,0.10.4
364ad9851591fef756e2c6b03dcda631079d29fd,2026-08-24T07:01:35Z,sfn__codegen-llvm__mod,0.60,275688,1122,ok,0.10.4
364ad9851591fef756e2c6b03dcda631079d29fd,2026-08-24T07:01:35Z,sfn__codegen-llvm__monomorphize,1.81,475612,12909,ok,0.10.4
364ad9851591fef756e2c6b03dcda631079d29fd,2026-08-24T07:01:35Z,sfn__codegen-llvm__prelude_mirror_signatures,0.60,288308,1311,ok,0.10.4
364ad9851591fef756e2c6b03dcda631079d29fd,2026-08-24T07:01:35Z,sfn__codegen-llvm__rendering,1.37,331292,6265,ok,0.10.4
364ad9851591fef756e2c6b03dcda631079d29fd,2026-08-24T07:01:35Z,sfn__codegen-llvm__rendering_helpers,1.09,294360,4346,ok,0.10.4
364ad9851591fef756e2c6b03dcda631079d29fd,2026-08-24T07:01:35Z,sfn__codegen-llvm__secure_zero,1.25,301896,2376,ok,0.10.4
364ad9851591fef756e2c6b03dcda631079d29fd,2026-08-24T07:01:35Z,sfn__codegen-llvm__strings,0.55,301788,1984,ok,0.10.4
364ad9851591fef756e2c6b03dcda631079d29fd,2026-08-24T07:01:35Z,sfn__codegen-llvm__symbols,0.31,306292,645,ok,0.10.4
364ad9851591fef756e2c6b03dcda631079d29fd,2026-08-24T07:01:35Z,sfn__codegen-llvm__syscall,1.16,306292,2448,ok,0.10.4
364ad9851591fef756e2c6b03dcda631079d29fd,2026-08-24T07:01:35Z,sfn__codegen-llvm__type_context,1.25,307956,4920,ok,0.10.4
364ad9851591fef756e2c6b03dcda631079d29fd,2026-08-24T07:01:35Z,sfn__codegen-llvm__type_context_queries,1.05,313124,3515,ok,0.10.4
364ad9851591fef756e2c6b03dcda631079d29fd,2026-08-24T07:01:35Z,sfn__codegen-llvm__type_mapping,1.35,353328,9733,ok,0.10.4
364ad9851591fef756e2c6b03dcda631079d29fd,2026-08-24T07:01:35Z,sfn__codegen-llvm__types,1.08,323760,1025,ok,0.10.4
364ad9851591fef756e2c6b03dcda631079d29fd,2026-08-24T07:01:35Z,sfn__codegen-llvm__utils,1.22,328568,5964,ok,0.10.4
364ad9851591fef756e2c6b03dcda631079d29fd,2026-08-24T07:01:35Z,sfn__codegen-llvm__expression_lowering__arrays,2.03,494664,5242,ok,0.10.4
364ad9851591fef756e2c6b03dcda631079d29fd,2026-08-24T07:01:35Z,sfn__codegen-llvm__expression_lowering__bindings,0.47,337768,1449,ok,0.10.4
364ad9851591fef756e2c6b03dcda631079d29fd,2026-08-24T07:01:35Z,sfn__codegen-llvm__expression_lowering__splitting,0.49,338280,2029,ok,0.10.4
364ad9851591fef756e2c6b03dcda631079d29fd,2026-08-24T07:01:35Z,sfn__codegen-llvm__lowering__abi_hash,0.39,342380,1363,ok,0.10.4
364ad9851591fef756e2c6b03dcda631079d29fd,2026-08-24T07:01:35Z,sfn__codegen-llvm__lowering__emission,1.92,487804,7639,ok,0.10.4
364ad9851591fef756e2c6b03dcda631079d29fd,2026-08-24T07:01:35Z,sfn__codegen-llvm__lowering__emission_async,1.39,349812,3261,ok,0.10.4
364ad9851591fef756e2c6b03dcda631079d29fd,2026-08-24T07:01:35Z,sfn__codegen-llvm__lowering__emission_header,0.41,354420,962,ok,0.10.4
364ad9851591fef756e2c6b03dcda631079d29fd,2026-08-24T07:01:35Z,sfn__codegen-llvm__lowering__emission_reachability,0.54,354548,2015,ok,0.10.4
364ad9851591fef756e2c6b03dcda631079d29fd,2026-08-24T07:01:35Z,sfn__codegen-llvm__lowering__entrypoints,1.52,359056,3193,ok,0.10.4
364ad9851591fef756e2c6b03dcda631079d29fd,2026-08-24T07:01:35Z,sfn__codegen-llvm__lowering__entrypoints_tests,1.07,361232,1886,ok,0.10.4
364ad9851591fef756e2c6b03dcda631079d29fd,2026-08-24T07:01:35Z,sfn__codegen-llvm__lowering__entrypoints_tests_writer,1.23,364088,2051,ok,0.10.4
364ad9851591fef756e2c6b03dcda631079d29fd,2026-08-24T07:01:35Z,sfn__codegen-llvm__lowering__instructions,2.37,595576,9904,ok,0.10.4
364ad9851591fef756e2c6b03dcda631079d29fd,2026-08-24T07:01:35Z,sfn__codegen-llvm__lowering__instructions_condition,1.18,377776,2370,ok,0.10.4
364ad9851591fef756e2c6b03dcda631079d29fd,2026-08-24T07:01:35Z,sfn__codegen-llvm__lowering__instructions_for,2.03,504692,4397,ok,0.10.4
364ad9851591fef756e2c6b03dcda631079d29fd,2026-08-24T07:01:35Z,sfn__codegen-llvm__lowering__instructions_for_range,2.51,613756,6087,ok,0.10.4
364ad9851591fef756e2c6b03dcda631079d29fd,2026-08-24T07:01:35Z,sfn__codegen-llvm__lowering__instructions_helpers,0.99,393712,5020,ok,0.10.4
364ad9851591fef756e2c6b03dcda631079d29fd,2026-08-24T07:01:35Z,sfn__codegen-llvm__lowering__instructions_if,2.27,583248,10477,ok,0.10.4
364ad9851591fef756e2c6b03dcda631079d29fd,2026-08-24T07:01:35Z,sfn__codegen-llvm__lowering__instructions_let,2.36,610612,9528,ok,0.10.4
364ad9851591fef756e2c6b03dcda631079d29fd,2026-08-24T07:01:35Z,sfn__codegen-llvm__lowering__instructions_loops,1.99,501896,7145,ok,0.10.4
364ad9851591fef756e2c6b03dcda631079d29fd,2026-08-24T07:01:35Z,sfn__codegen-llvm__lowering__instructions_match,2.56,649432,9436,ok,0.10.4
364ad9851591fef756e2c6b03dcda631079d29fd,2026-08-24T07:01:35Z,sfn__codegen-llvm__lowering__instructions_match_condition,1.66,433788,5963,ok,0.10.4
364ad9851591fef756e2c6b03dcda631079d29fd,2026-08-24T07:01:35Z,sfn__codegen-llvm__lowering__instructions_routine,1.15,442104,2797,ok,0.10.4
364ad9851591fef756e2c6b03dcda631079d29fd,2026-08-24T07:01:35Z,sfn__codegen-llvm__lowering__instructions_try,2.03,510328,6124,ok,0.10.4
364ad9851591fef756e2c6b03dcda631079d29fd,2026-08-24T07:01:35Z,sfn__codegen-llvm__lowering__lowering_helpers,1.90,486476,10446,ok,0.10.4
364ad9851591fef756e2c6b03dcda631079d29fd,2026-08-24T07:01:35Z,sfn__codegen-llvm__lowering__lowering_helpers_mangling,1.41,458500,6527,ok,0.10.4
364ad9851591fef756e2c6b03dcda631079d29fd,2026-08-24T07:01:35Z,sfn__codegen-llvm__lowering__lowering_helpers_structs,0.82,464772,2366,ok,0.10.4
364ad9851591fef756e2c6b03dcda631079d29fd,2026-08-24T07:01:35Z,sfn__codegen-llvm__lowering__lowering_io,0.91,468332,3303,ok,0.10.4
364ad9851591fef756e2c6b03dcda631079d29fd,2026-08-24T07:01:35Z,sfn__codegen-llvm__lowering__lowering_native_helpers,0.79,472900,2668,ok,0.10.4
364ad9851591fef756e2c6b03dcda631079d29fd,2026-08-24T07:01:35Z,sfn__codegen-llvm__lowering__lowering_phase_functions,1.17,474052,3433,ok,0.10.4
364ad9851591fef756e2c6b03dcda631079d29fd,2026-08-24T07:01:35Z,sfn__codegen-llvm__lowering__lowering_phase_imports,0.93,478360,2651,ok,0.10.4
364ad9851591fef756e2c6b03dcda631079d29fd,2026-08-24T07:01:35Z,sfn__codegen-llvm__lowering__lowering_phase_render,0.96,482536,2630,ok,0.10.4
364ad9851591fef756e2c6b03dcda631079d29fd,2026-08-24T07:01:35Z,sfn__codegen-llvm__lowering__lowering_phase_sanitize,1.08,487084,3226,ok,0.10.4
364ad9851591fef756e2c6b03dcda631079d29fd,2026-08-24T07:01:35Z,sfn__codegen-llvm__lowering__lowering_phase_types,0.82,489688,1896,ok,0.10.4
364ad9851591fef756e2c6b03dcda631079d29fd,2026-08-24T07:01:35Z,sfn__codegen-llvm__lowering__lowering_recovery,2.20,564020,15395,ok,0.10.4
364ad9851591fef756e2c6b03dcda631079d29fd,2026-08-24T07:01:35Z,sfn__codegen-llvm__lowering__lowering_text_utils,0.59,503244,2157,ok,0.10.4
364ad9851591fef756e2c6b03dcda631079d29fd,2026-08-24T07:01:35Z,sfn__codegen-llvm__lowering__module_globals,1.37,507160,5159,ok,0.10.4
364ad9851591fef756e2c6b03dcda631079d29fd,2026-08-24T07:01:35Z,sfn__codegen-llvm__lowering__phi,0.83,512068,4001,ok,0.10.4
364ad9851591fef756e2c6b03dcda631079d29fd,2026-08-24T07:01:35Z,sfn__codegen-llvm__lowering__type_descriptors,0.94,516396,3051,ok,0.10.4
364ad9851591fef756e2c6b03dcda631079d29fd,2026-08-24T07:01:35Z,sfn__codegen-llvm__runtime_helpers__mod,0.58,518188,1962,ok,0.10.4
364ad9851591fef756e2c6b03dcda631079d29fd,2026-08-24T07:01:35Z,sfn__codegen-llvm__runtime_helpers__registry_concurrency,0.94,521160,4295,ok,0.10.4
364ad9851591fef756e2c6b03dcda631079d29fd,2026-08-24T07:01:35Z,sfn__codegen-llvm__runtime_helpers__registry_platform,0.78,526704,3183,ok,0.10.4
364ad9851591fef756e2c6b03dcda631079d29fd,2026-08-24T07:01:35Z,sfn__codegen-llvm__runtime_helpers__registry_process,0.92,531084,3829,ok,0.10.4
364ad9851591fef756e2c6b03dcda631079d29fd,2026-08-24T07:01:35Z,sfn__codegen-llvm__runtime_helpers__registry_services,0.86,533908,3609,ok,0.10.4
364ad9851591fef756e2c6b03dcda631079d29fd,2026-08-24T07:01:35Z,sfn__codegen-llvm__runtime_helpers__registry_support,0.39,538252,872,ok,0.10.4
364ad9851591fef756e2c6b03dcda631079d29fd,2026-08-24T07:01:35Z,sfn__codegen-llvm__runtime_helpers__registry_values,0.89,539660,4069,ok,0.10.4
364ad9851591fef756e2c6b03dcda631079d29fd,2026-08-24T07:01:35Z,sfn__codegen-llvm__expression_lowering__native__core,1.00,544336,1457,ok,0.10.4
364ad9851591fef756e2c6b03dcda631079d29fd,2026-08-24T07:01:35Z,sfn__codegen-llvm__expression_lowering__native__core_addressing,0.81,547808,1479,ok,0.10.4
364ad9851591fef756e2c6b03dcda631079d29fd,2026-08-24T07:01:35Z,sfn__codegen-llvm__expression_lowering__native__core_bf16_lowering,0.84,548960,2848,ok,0.10.4
364ad9851591fef756e2c6b03dcda631079d29fd,2026-08-24T07:01:35Z,sfn__codegen-llvm__expression_lowering__native__core_bindings,0.41,552488,918,ok,0.10.4
364ad9851591fef756e2c6b03dcda631079d29fd,2026-08-24T07:01:35Z,sfn__codegen-llvm__expression_lowering__native__core_borrow_lowering,0.83,554024,1558,ok,0.10.4
364ad9851591fef756e2c6b03dcda631079d29fd,2026-08-24T07:01:35Z,sfn__codegen-llvm__expression_lowering__native__core_call_lowering,2.53,558584,8184,ok,0.10.4
364ad9851591fef756e2c6b03dcda631079d29fd,2026-08-24T07:01:35Z,sfn__codegen-llvm__expression_lowering__native__core_calls,0.54,565004,2883,ok,0.10.4
364ad9851591fef756e2c6b03dcda631079d29fd,2026-08-24T07:01:35Z,sfn__codegen-llvm__expression_lowering__native__core_cast_lowering,2.02,569136,7239,ok,0.10.4
364ad9851591fef756e2c6b03dcda631079d29fd,2026-08-24T07:01:35Z,sfn__codegen-llvm__expression_lowering__native__core_closure_lowering,1.11,575084,3402,ok,0.10.4
364ad9851591fef756e2c6b03dcda631079d29fd,2026-08-24T07:01:35Z,sfn__codegen-llvm__expression_lowering__native__core_concurrency_lowering,3.13,827748,11924,ok,0.10.4
364ad9851591fef756e2c6b03dcda631079d29fd,2026-08-24T07:01:35Z,sfn__codegen-llvm__expression_lowering__native__core_decimal_float,0.60,591568,3712,ok,0.10.4
364ad9851591fef756e2c6b03dcda631079d29fd,2026-08-24T07:01:35Z,sfn__codegen-llvm__expression_lowering__native__core_expression,1.74,592720,4241,ok,0.10.4
364ad9851591fef756e2c6b03dcda631079d29fd,2026-08-24T07:01:35Z,sfn__codegen-llvm__expression_lowering__native__core_expression_tail,1.61,598092,3335,ok,0.10.4
364ad9851591fef756e2c6b03dcda631079d29fd,2026-08-24T07:01:35Z,sfn__codegen-llvm__expression_lowering__native__core_helpers,0.76,602316,1712,ok,0.10.4
364ad9851591fef756e2c6b03dcda631079d29fd,2026-08-24T07:01:35Z,sfn__codegen-llvm__expression_lowering__native__core_index_lowering,1.49,605268,4584,ok,0.10.4
364ad9851591fef756e2c6b03dcda631079d29fd,2026-08-24T07:01:35Z,sfn__codegen-llvm__expression_lowering__native__core_literals_lowering,3.80,952176,11787,ok,0.10.4
364ad9851591fef756e2c6b03dcda631079d29fd,2026-08-24T07:01:35Z,sfn__codegen-llvm__expression_lowering__native__core_match_helpers,0.39,621172,867,ok,0.10.4
364ad9851591fef756e2c6b03dcda631079d29fd,2026-08-24T07:01:35Z,sfn__codegen-llvm__expression_lowering__native__core_member_helpers,0.78,622452,1537,ok,0.10.4
364ad9851591fef756e2c6b03dcda631079d29fd,2026-08-24T07:01:35Z,sfn__codegen-llvm__expression_lowering__native__core_member_lowering,2.46,649088,9984,ok,0.10.4
364ad9851591fef756e2c6b03dcda631079d29fd,2026-08-24T07:01:35Z,sfn__codegen-llvm__expression_lowering__native__core_number_literal,0.44,635376,1205,ok,0.10.4
364ad9851591fef756e2c6b03dcda631079d29fd,2026-08-24T07:01:35Z,sfn__codegen-llvm__expression_lowering__native__core_operators,0.98,636400,6459,ok,0.10.4
364ad9851591fef756e2c6b03dcda631079d29fd,2026-08-24T07:01:35Z,sfn__codegen-llvm__expression_lowering__native__core_ops_lowering,3.15,812416,12496,ok,0.10.4
364ad9851591fef756e2c6b03dcda631079d29fd,2026-08-24T07:01:35Z,sfn__codegen-llvm__expression_lowering__native__core_ownership,0.97,653156,2329,ok,0.10.4
364ad9851591fef756e2c6b03dcda631079d29fd,2026-08-24T07:01:35Z,sfn__codegen-llvm__expression_lowering__native__core_parse,1.77,656608,12540,ok,0.10.4
364ad9851591fef756e2c6b03dcda631079d29fd,2026-08-24T07:01:35Z,sfn__codegen-llvm__expression_lowering__native__core_parsing,1.48,665228,8406,ok,0.10.4
364ad9851591fef756e2c6b03dcda631079d29fd,2026-08-24T07:01:35Z,sfn__codegen-llvm__expression_lowering__native__core_scopes,1.22,673440,3824,ok,0.10.4
364ad9851591fef756e2c6b03dcda631079d29fd,2026-08-24T07:01:35Z,sfn__codegen-llvm__expression_lowering__native__core_strings,1.59,677828,5715,ok,0.10.4
364ad9851591fef756e2c6b03dcda631079d29fd,2026-08-24T07:01:35Z,sfn__codegen-llvm__expression_lowering__native__core_text,0.98,683192,5586,ok,0.10.4
364ad9851591fef756e2c6b03dcda631079d29fd,2026-08-24T07:01:35Z,sfn__codegen-llvm__expression_lowering__native__core_type_mapping,1.10,688072,6469,ok,0.10.4
364ad9851591fef756e2c6b03dcda631079d29fd,2026-08-24T07:01:35Z,sfn__codegen-llvm__expression_lowering__native__mem_footprint_lowering,0.78,692160,1626,ok,0.10.4
364ad9851591fef756e2c6b03dcda631079d29fd,2026-08-24T07:01:35Z,sfn__codegen-llvm__expression_lowering__native__mod,0.76,695244,1277,ok,0.10.4
364ad9851591fef756e2c6b03dcda631079d29fd,2026-08-24T07:01:35Z,sfn__codegen-llvm__expression_lowering__native__runtime_call,0.94,696652,2567,ok,0.10.4
364ad9851591fef756e2c6b03dcda631079d29fd,2026-08-24T07:01:35Z,sfn__codegen-llvm__expression_lowering__native__statement,2.28,699956,8124,ok,0.10.4
364ad9851591fef756e2c6b03dcda631079d29fd,2026-08-24T07:01:35Z,sfn__codegen-llvm__expression_lowering__native__statement_assignment,1.97,709448,6429,ok,0.10.4
364ad9851591fef756e2c6b03dcda631079d29fd,2026-08-24T07:01:35Z,sfn__codegen-llvm__expression_lowering__native__statement_parsing,0.91,715896,3622,ok,0.10.4
364ad9851591fef756e2c6b03dcda631079d29fd,2026-08-24T07:01:35Z,sfn__codegen-llvm__expression_lowering__native__statement_suspension,1.27,719492,3687,ok,0.10.4
364ad9851591fef756e2c6b03dcda631079d29fd,2026-08-24T07:01:35Z,sfn__codegen-llvm__expression_lowering__native__statement_type_mapping,0.91,723432,4510,ok,0.10.4
364ad9851591fef756e2c6b03dcda631079d29fd,2026-08-24T07:01:35Z,sfn__codegen-llvm__expression_lowering__native__temp_recovery,0.44,727388,1127,ok,0.10.4
364ad9851591fef756e2c6b03dcda631079d29fd,2026-08-24T07:01:35Z,sfn__codegen-llvm__lowering__lowering_core__decorator_imports,0.65,730252,1344,ok,0.10.4
364ad9851591fef756e2c6b03dcda631079d29fd,2026-08-24T07:01:35Z,sfn__codegen-llvm__lowering__lowering_core__diagnostics,0.67,731148,1395,ok,0.10.4
364ad9851591fef756e2c6b03dcda631079d29fd,2026-08-24T07:01:35Z,sfn__codegen-llvm__lowering__lowering_core__file_emission,0.97,734744,1812,ok,0.10.4
364ad9851591fef756e2c6b03dcda631079d29fd,2026-08-24T07:01:35Z,sfn__codegen-llvm__lowering__lowering_core__finalization,0.65,736152,3152,ok,0.10.4
364ad9851591fef756e2c6b03dcda631079d29fd,2026-08-24T07:01:35Z,sfn__codegen-llvm__lowering__lowering_core__mod,2.50,739840,9711,ok,0.10.4
364ad9851591fef756e2c6b03dcda631079d29fd,2026-08-24T07:01:35Z,sfn__codegen-llvm__lowering__lowering_core__test_harness,1.67,752560,5695,ok,0.10.4
364ad9851591fef756e2c6b03dcda631079d29fd,2026-08-24T07:01:35Z,sfn__codegen-llvm__expression_lowering__native__core_call_emission__arguments,0.84,757044,1876,ok,0.10.4
364ad9851591fef756e2c6b03dcda631079d29fd,2026-08-24T07:01:35Z,sfn__codegen-llvm__expression_lowering__native__core_call_emission__arrays,1.01,759220,2022,ok,0.10.4
364ad9851591fef756e2c6b03dcda631079d29fd,2026-08-24T07:01:35Z,sfn__codegen-llvm__expression_lowering__native__core_call_emission__closure_dispatch,0.81,762040,1815,ok,0.10.4
364ad9851591fef756e2c6b03dcda631079d29fd,2026-08-24T07:01:35Z,sfn__codegen-llvm__expression_lowering__native__core_call_emission__dispatch,1.53,766296,5119,ok,0.10.4
364ad9851591fef756e2c6b03dcda631079d29fd,2026-08-24T07:01:35Z,sfn__codegen-llvm__expression_lowering__native__core_call_emission__filesystem_intrinsics,1.20,771544,3752,ok,0.10.4
364ad9851591fef756e2c6b03dcda631079d29fd,2026-08-24T07:01:35Z,sfn__codegen-llvm__expression_lowering__native__core_call_emission__filesystem_list,1.60,775888,3900,ok,0.10.4
364ad9851591fef756e2c6b03dcda631079d29fd,2026-08-24T07:01:35Z,sfn__codegen-llvm__expression_lowering__native__core_call_emission__platform_intrinsics,0.92,780500,2500,ok,0.10.4
364ad9851591fef756e2c6b03dcda631079d29fd,2026-08-24T07:01:35Z,sfn__codegen-llvm__expression_lowering__native__core_call_resolution__builtin_dispatch,0.80,783052,1207,ok,0.10.4
364ad9851591fef756e2c6b03dcda631079d29fd,2026-08-24T07:01:35Z,sfn__codegen-llvm__expression_lowering__native__core_call_resolution__closure_callee,1.47,783820,3835,ok,0.10.4
364ad9851591fef756e2c6b03dcda631079d29fd,2026-08-24T07:01:35Z,sfn__codegen-llvm__expression_lowering__native__core_call_resolution__method_target,2.11,788036,10483,ok,0.10.4
364ad9851591fef756e2c6b03dcda631079d29fd,2026-08-24T07:01:35Z,sfn__codegen-llvm__expression_lowering__native__core_call_resolution__parsed_method_dispatch,1.70,798044,7012,ok,0.10.4
364ad9851591fef756e2c6b03dcda631079d29fd,2026-08-24T07:01:35Z,sfn__codegen-llvm__expression_lowering__native__core_call_resolution__receiver_types,0.26,805132,399,ok,0.10.4
364ad9851591fef756e2c6b03dcda631079d29fd,2026-08-24T07:01:35Z,sfn__codegen-llvm__expression_lowering__native__core_call_resolution__signature,0.99,805516,2515,ok,0.10.4
364ad9851591fef756e2c6b03dcda631079d29fd,2026-08-24T07:01:35Z,sfn__codegen-llvm__expression_lowering__native__core_operands__comparisons,1.10,809360,4072,ok,0.10.4
364ad9851591fef756e2c6b03dcda631079d29fd,2026-08-24T07:01:35Z,sfn__codegen-llvm__expression_lowering__native__core_operands__dispatch,1.31,813960,4513,ok,0.10.4
364ad9851591fef756e2c6b03dcda631079d29fd,2026-08-24T07:01:35Z,sfn__codegen-llvm__expression_lowering__native__core_operands__general_fallback,1.37,819108,4466,ok,0.10.4
364ad9851591fef756e2c6b03dcda631079d29fd,2026-08-24T07:01:35Z,sfn__codegen-llvm__expression_lowering__native__core_operands__numeric_coercion,0.83,824012,1903,ok,0.10.4
364ad9851591fef756e2c6b03dcda631079d29fd,2026-08-24T07:01:35Z,sfn__codegen-llvm__expression_lowering__native__core_operands__numeric_float,0.83,825164,1997,ok,0.10.4
364ad9851591fef756e2c6b03dcda631079d29fd,2026-08-24T07:01:35Z,sfn__codegen-llvm__expression_lowering__native__core_operands__numeric_integer,0.99,828492,3602,ok,0.10.4
364ad9851591fef756e2c6b03dcda631079d29fd,2026-08-24T07:01:35Z,sfn__codegen-llvm__expression_lowering__native__core_operands__pointer_coercion,1.15,831940,3519,ok,0.10.4
364ad9851591fef756e2c6b03dcda631079d29fd,2026-08-24T07:01:35Z,sfn__codegen-llvm__expression_lowering__native__core_operands__pointer_tail,1.09,836088,3101,ok,0.10.4
364ad9851591fef756e2c6b03dcda631079d29fd,2026-08-24T07:01:35Z,sfn__codegen-llvm__expression_lowering__native__core_operands__type_predicates,0.42,840532,1173,ok,0.10.4
364ad9851591fef756e2c6b03dcda631079d29fd,2026-08-24T07:01:35Z,sfn__codegen-llvm__expression_lowering__native__core_operands__union_fallback,1.06,841556,3041,ok,0.10.4
364ad9851591fef756e2c6b03dcda631079d29fd,2026-08-24T07:01:35Z,sfn__codegen__emit_native,2.55,845260,11954,ok,0.10.4
364ad9851591fef756e2c6b03dcda631079d29fd,2026-08-24T07:01:35Z,sfn__codegen__emit_native_desugar_try,1.67,858140,10624,ok,0.10.4
364ad9851591fef756e2c6b03dcda631079d29fd,2026-08-24T07:01:35Z,sfn__codegen__emit_native_format,1.72,867344,8548,ok,0.10.4
364ad9851591fef756e2c6b03dcda631079d29fd,2026-08-24T07:01:35Z,sfn__codegen__emit_native_layout,1.65,875848,5753,ok,0.10.4
364ad9851591fef756e2c6b03dcda631079d29fd,2026-08-24T07:01:35Z,sfn__codegen__emit_native_state,1.55,881844,3025,ok,0.10.4
364ad9851591fef756e2c6b03dcda631079d29fd,2026-08-24T07:01:35Z,sfn__codegen__emitter_sailfin,1.47,884972,8430,ok,0.10.4
364ad9851591fef756e2c6b03dcda631079d29fd,2026-08-24T07:01:35Z,sfn__codegen__emitter_sailfin_expr,1.01,893436,4572,ok,0.10.4
364ad9851591fef756e2c6b03dcda631079d29fd,2026-08-24T07:01:35Z,sfn__codegen__emitter_sailfin_utils,0.76,897300,1804,ok,0.10.4
364ad9851591fef756e2c6b03dcda631079d29fd,2026-08-24T07:01:35Z,sfn__codegen__lambda_lowering,2.59,900728,12221,ok,0.10.4
364ad9851591fef756e2c6b03dcda631079d29fd,2026-08-24T07:01:35Z,sfn__codegen__lambda_param_inference,1.57,911252,7682,ok,0.10.4
364ad9851591fef756e2c6b03dcda631079d29fd,2026-08-24T07:01:35Z,sfn__codegen__mod,0.63,919908,1281,ok,0.10.4
364ad9851591fef756e2c6b03dcda631079d29fd,2026-08-24T07:01:35Z,sfn__codegen__tensor_ir_emit_stablehlo,0.77,921188,2471,ok,0.10.4
364ad9851591fef756e2c6b03dcda631079d29fd,2026-08-24T07:01:35Z,sfn__codegen__tensor_ir_lower_scalar,1.27,924340,4263,ok,0.10.4
364ad9851591fef756e2c6b03dcda631079d29fd,2026-08-24T07:01:35Z,sfn__codegen__typed_ssa_produce,0.75,929072,2324,ok,0.10.4
364ad9851591fef756e2c6b03dcda631079d29fd,2026-08-24T07:01:35Z,sfn__ir__intrinsic_effects,1.22,931520,4088,ok,0.10.4
364ad9851591fef756e2c6b03dcda631079d29fd,2026-08-24T07:01:35Z,sfn__ir__lowering_diagnostic,0.28,933952,333,ok,0.10.4
364ad9851591fef756e2c6b03dcda631079d29fd,2026-08-24T07:01:35Z,sfn__ir__mod,0.53,936280,1163,ok,0.10.4
364ad9851591fef756e2c6b03dcda631079d29fd,2026-08-24T07:01:35Z,sfn__ir__native_ir,0.37,936280,329,ok,0.10.4
364ad9851591fef756e2c6b03dcda631079d29fd,2026-08-24T07:01:35Z,sfn__ir__native_ir_api,0.72,936408,3033,ok,0.10.4
364ad9851591fef756e2c6b03dcda631079d29fd,2026-08-24T07:01:35Z,sfn__ir__native_ir_parser,0.89,940952,4443,ok,0.10.4
364ad9851591fef756e2c6b03dcda631079d29fd,2026-08-24T07:01:35Z,sfn__ir__native_ir_parser_defs,1.10,945580,6235,ok,0.10.4
364ad9851591fef756e2c6b03dcda631079d29fd,2026-08-24T07:01:35Z,sfn__ir__native_ir_parser_instructions,0.71,950788,3346,ok,0.10.4
364ad9851591fef756e2c6b03dcda631079d29fd,2026-08-24T07:01:35Z,sfn__ir__native_ir_utils_layout,1.00,951940,7359,ok,0.10.4
364ad9851591fef756e2c6b03dcda631079d29fd,2026-08-24T07:01:35Z,sfn__ir__native_ir_utils_parse,1.22,958300,7621,ok,0.10.4
364ad9851591fef756e2c6b03dcda631079d29fd,2026-08-24T07:01:35Z,sfn__ir__native_ir_utils_text,0.70,963252,4883,ok,0.10.4
364ad9851591fef756e2c6b03dcda631079d29fd,2026-08-24T07:01:35Z,sfn__ir__tensor_ir,0.48,967528,2129,ok,0.10.4
364ad9851591fef756e2c6b03dcda631079d29fd,2026-08-24T07:01:35Z,sfn__ir__tensor_ir_fusion,0.30,967656,449,ok,0.10.4
364ad9851591fef756e2c6b03dcda631079d29fd,2026-08-24T07:01:35Z,sfn__ir__tensor_ir_verify,0.62,968424,3326,ok,0.10.4
364ad9851591fef756e2c6b03dcda631079d29fd,2026-08-24T07:01:35Z,sfn__ir__typed_ssa,3.35,1163944,5179,ok,0.10.4
364ad9851591fef756e2c6b03dcda631079d29fd,2026-08-24T07:01:35Z,sfn__ir__typed_ssa_render,0.73,976864,4580,ok,0.10.4
364ad9851591fef756e2c6b03dcda631079d29fd,2026-08-24T07:01:35Z,sfn__ir__typed_ssa_verify,1.43,981476,9376,ok,0.10.4
364ad9851591fef756e2c6b03dcda631079d29fd,2026-08-24T07:01:35Z,sfn__syntax__ast,0.32,988964,379,ok,0.10.4
364ad9851591fef756e2c6b03dcda631079d29fd,2026-08-24T07:01:35Z,sfn__syntax__lexer,0.61,988964,3235,ok,0.10.4
364ad9851591fef756e2c6b03dcda631079d29fd,2026-08-24T07:01:35Z,sfn__syntax__mod,0.57,990500,621,ok,0.10.4
364ad9851591fef756e2c6b03dcda631079d29fd,2026-08-24T07:01:35Z,sfn__syntax__token,0.25,993200,189,ok,0.10.4
364ad9851591fef756e2c6b03dcda631079d29fd,2026-08-24T07:01:35Z,sfn__syntax__parser__mod,0.92,993200,3756,ok,0.10.4
364ad9851591fef756e2c6b03dcda631079d29fd,2026-08-24T07:01:35Z,sfn__syntax__parser__token_utils,1.13,995248,10265,ok,0.10.4
364ad9851591fef756e2c6b03dcda631079d29fd,2026-08-24T07:01:35Z,sfn__syntax__parser__types,0.35,1002944,406,ok,0.10.4
364ad9851591fef756e2c6b03dcda631079d29fd,2026-08-24T07:01:35Z,sfn__syntax__parser__utils,0.40,1002944,1626,ok,0.10.4
364ad9851591fef756e2c6b03dcda631079d29fd,2026-08-24T07:01:35Z,sfn__syntax__parser__declarations__collections,0.30,1003584,387,ok,0.10.4
364ad9851591fef756e2c6b03dcda631079d29fd,2026-08-24T07:01:35Z,sfn__syntax__parser__declarations__enums,0.60,1004096,1995,ok,0.10.4
364ad9851591fef756e2c6b03dcda631079d29fd,2026-08-24T07:01:35Z,sfn__syntax__parser__declarations__functions,0.72,1007252,2673,ok,0.10.4
364ad9851591fef756e2c6b03dcda631079d29fd,2026-08-24T07:01:35Z,sfn__syntax__parser__declarations__imports_exports,0.57,1008788,2106,ok,0.10.4
364ad9851591fef756e2c6b03dcda631079d29fd,2026-08-24T07:01:35Z,sfn__syntax__parser__declarations__interfaces,0.63,1011748,2282,ok,0.10.4
364ad9851591fef756e2c6b03dcda631079d29fd,2026-08-24T07:01:35Z,sfn__syntax__parser__declarations__mod,0.38,1013156,626,ok,0.10.4
364ad9851591fef756e2c6b03dcda631079d29fd,2026-08-24T07:01:35Z,sfn__syntax__parser__declarations__recovery,0.42,1013924,983,ok,0.10.4
364ad9851591fef756e2c6b03dcda631079d29fd,2026-08-24T07:01:35Z,sfn__syntax__parser__declarations__structs,0.67,1016440,2267,ok,0.10.4
364ad9851591fef756e2c6b03dcda631079d29fd,2026-08-24T07:01:35Z,sfn__syntax__parser__declarations__syntax,0.89,1019024,4822,ok,0.10.4
364ad9851591fef756e2c6b03dcda631079d29fd,2026-08-24T07:01:35Z,sfn__syntax__parser__declarations__tests,0.51,1023624,958,ok,0.10.4
364ad9851591fef756e2c6b03dcda631079d29fd,2026-08-24T07:01:35Z,sfn__syntax__parser__declarations__variables,0.55,1023624,1563,ok,0.10.4
364ad9851591fef756e2c6b03dcda631079d29fd,2026-08-24T07:01:35Z,sfn__syntax__parser__expressions__concurrency,0.50,1024392,1150,ok,0.10.4
364ad9851591fef756e2c6b03dcda631079d29fd,2026-08-24T07:01:35Z,sfn__syntax__parser__expressions__lambdas,0.73,1025800,2615,ok,0.10.4
364ad9851591fef756e2c6b03dcda631079d29fd,2026-08-24T07:01:35Z,sfn__syntax__parser__expressions__literals,0.62,1028516,2617,ok,0.10.4
364ad9851591fef756e2c6b03dcda631079d29fd,2026-08-24T07:01:35Z,sfn__syntax__parser__expressions__mod,0.85,1033236,4978,ok,0.10.4
364ad9851591fef756e2c6b03dcda631079d29fd,2026-08-24T07:01:35Z,sfn__syntax__parser__expressions__normalize,0.37,1035412,1127,ok,0.10.4
364ad9851591fef756e2c6b03dcda631079d29fd,2026-08-24T07:01:35Z,sfn__syntax__parser__expressions__postfix,0.72,1037860,3693,ok,0.10.4
364ad9851591fef756e2c6b03dcda631079d29fd,2026-08-24T07:01:35Z,sfn__syntax__parser__expressions__prefix,0.71,1039780,2506,ok,0.10.4
364ad9851591fef756e2c6b03dcda631079d29fd,2026-08-24T07:01:35Z,sfn__syntax__parser__expressions__type_targets,0.60,1042648,2405,ok,0.10.4
364ad9851591fef756e2c6b03dcda631079d29fd,2026-08-24T07:01:35Z,sfn__syntax__parser__statements__block,0.74,1044568,2845,ok,0.10.4
364ad9851591fef756e2c6b03dcda631079d29fd,2026-08-24T07:01:35Z,sfn__syntax__parser__statements__control_flow,0.71,1047652,2624,ok,0.10.4
364ad9851591fef756e2c6b03dcda631079d29fd,2026-08-24T07:01:35Z,sfn__syntax__parser__statements__expression_recovery,0.50,1050376,1484,ok,0.10.4
364ad9851591fef756e2c6b03dcda631079d29fd,2026-08-24T07:01:35Z,sfn__syntax__parser__statements__match,0.68,1051400,2447,ok,0.10.4
364ad9851591fef756e2c6b03dcda631079d29fd,2026-08-24T07:01:35Z,sfn__syntax__parser__statements__mod,0.36,1055020,555,ok,0.10.4
364ad9851591fef756e2c6b03dcda631079d29fd,2026-08-24T07:01:35Z,sfn__syntax__parser__statements__special,0.74,1055020,2784,ok,0.10.4
364ad9851591fef756e2c6b03dcda631079d29fd,2026-08-24T07:01:35Z,arena_relocate,0.25,1059640,208,ok,0.10.4
364ad9851591fef756e2c6b03dcda631079d29fd,2026-08-24T07:01:35Z,assert_failure,0.25,1059640,184,ok,0.10.4
364ad9851591fef756e2c6b03dcda631079d29fd,2026-08-24T07:01:35Z,backend,0.50,1059640,1617,ok,0.10.4
364ad9851591fef756e2c6b03dcda631079d29fd,2026-08-24T07:01:35Z,bootstrap_manifest,0.44,1060792,1477,ok,0.10.4
364ad9851591fef756e2c6b03dcda631079d29fd,2026-08-24T07:01:35Z,build_cache,0.99,1063984,4563,ok,0.10.4
364ad9851591fef756e2c6b03dcda631079d29fd,2026-08-24T07:01:35Z,build_flags,0.25,1066032,222,ok,0.10.4
364ad9851591fef756e2c6b03dcda631079d29fd,2026-08-24T07:01:35Z,build_report,0.66,1068728,2544,ok,0.10.4
364ad9851591fef756e2c6b03dcda631079d29fd,2026-08-24T07:01:35Z,build_stamp,0.33,1069112,687,ok,0.10.4
364ad9851591fef756e2c6b03dcda631079d29fd,2026-08-24T07:01:35Z,capsule_artifact,0.56,1070136,2597,ok,0.10.4
364ad9851591fef756e2c6b03dcda631079d29fd,2026-08-24T07:01:35Z,capsule_emit_parallel,0.67,1073172,3557,ok,0.10.4
364ad9851591fef756e2c6b03dcda631079d29fd,2026-08-24T07:01:35Z,capsule_import_scan,1.01,1075348,9862,ok,0.10.4
364ad9851591fef756e2c6b03dcda631079d29fd,2026-08-24T07:01:35Z,capsule_names,0.31,1080988,803,ok,0.10.4
364ad9851591fef756e2c6b03dcda631079d29fd,2026-08-24T07:01:35Z,cli_selfhost,1.00,1082012,5138,ok,0.10.4
364ad9851591fef756e2c6b03dcda631079d29fd,2026-08-24T07:01:35Z,codegen_driver,1.50,1086540,1712,ok,0.10.4
364ad9851591fef756e2c6b03dcda631079d29fd,2026-08-24T07:01:35Z,diagnostics_json,0.63,1089928,1750,ok,0.10.4
364ad9851591fef756e2c6b03dcda631079d29fd,2026-08-24T07:01:35Z,diagnostics_render,0.68,1091464,1816,ok,0.10.4
364ad9851591fef756e2c6b03dcda631079d29fd,2026-08-24T07:01:35Z,dist_manifest,0.35,1094188,892,ok,0.10.4
364ad9851591fef756e2c6b03dcda631079d29fd,2026-08-24T07:01:35Z,effect_gate,1.02,1094700,1633,ok,0.10.4
364ad9851591fef756e2c6b03dcda631079d29fd,2026-08-24T07:01:35Z,emit_helpers,0.95,1098944,2881,ok,0.10.4
364ad9851591fef756e2c6b03dcda631079d29fd,2026-08-24T07:01:35Z,ice,0.32,1103552,572,ok,0.10.4
364ad9851591fef756e2c6b03dcda631079d29fd,2026-08-24T07:01:35Z,import_context,1.58,1103552,3248,ok,0.10.4
364ad9851591fef756e2c6b03dcda631079d29fd,2026-08-24T07:01:35Z,installer_staging,0.99,1108264,4084,ok,0.10.4
364ad9851591fef756e2c6b03dcda631079d29fd,2026-08-24T07:01:35Z,llvm_validation,0.27,1112832,509,ok,0.10.4
364ad9851591fef756e2c6b03dcda631079d29fd,2026-08-24T07:01:35Z,lock,0.40,1112832,1447,ok,0.10.4
364ad9851591fef756e2c6b03dcda631079d29fd,2026-08-24T07:01:35Z,main,3.51,1113216,8037,ok,0.10.4
364ad9851591fef756e2c6b03dcda631079d29fd,2026-08-24T07:01:35Z,module_paths,0.47,1122288,2280,ok,0.10.4
364ad9851591fef756e2c6b03dcda631079d29fd,2026-08-24T07:01:35Z,native_artifact_writer,2.57,1124520,3048,ok,0.10.4
364ad9851591fef756e2c6b03dcda631079d29fd,2026-08-24T07:01:35Z,native_emit_subprocess,0.30,1129584,431,ok,0.10.4
364ad9851591fef756e2c6b03dcda631079d29fd,2026-08-24T07:01:35Z,prelude_globals,0.52,1129968,952,ok,0.10.4
364ad9851591fef756e2c6b03dcda631079d29fd,2026-08-24T07:01:35Z,release_trust,0.25,1131120,154,ok,0.10.4
364ad9851591fef756e2c6b03dcda631079d29fd,2026-08-24T07:01:35Z,runtime_capsule_resolver,1.02,1133712,4254,ok,0.10.4
364ad9851591fef756e2c6b03dcda631079d29fd,2026-08-24T07:01:35Z,semver,0.37,1135248,1411,ok,0.10.4
364ad9851591fef756e2c6b03dcda631079d29fd,2026-08-24T07:01:35Z,string_cmd_utils,0.32,1137968,701,ok,0.10.4
364ad9851591fef756e2c6b03dcda631079d29fd,2026-08-24T07:01:35Z,string_utils,0.35,1137968,951,ok,0.10.4
364ad9851591fef756e2c6b03dcda631079d29fd,2026-08-24T07:01:35Z,terminal_output,0.67,1138480,936,ok,0.10.4
364ad9851591fef756e2c6b03dcda631079d29fd,2026-08-24T07:01:35Z,test_results,0.63,1140144,1403,ok,0.10.4
364ad9851591fef756e2c6b03dcda631079d29fd,2026-08-24T07:01:35Z,test_runner_json,0.85,1142512,2371,ok,0.10.4
364ad9851591fef756e2c6b03dcda631079d29fd,2026-08-24T07:01:35Z,test_runner_state,0.71,1146896,1591,ok,0.10.4
364ad9851591fef756e2c6b03dcda631079d29fd,2026-08-24T07:01:35Z,toml_parser,1.10,1147024,6608,ok,0.10.4
364ad9851591fef756e2c6b03dcda631079d29fd,2026-08-24T07:01:35Z,typecheck_import_loader,1.89,1152124,6122,ok,0.10.4
364ad9851591fef756e2c6b03dcda631079d29fd,2026-08-24T07:01:35Z,version,0.38,1159652,1048,ok,0.10.4
364ad9851591fef756e2c6b03dcda631079d29fd,2026-08-24T07:01:35Z,workspace_inventory,0.76,1159652,2824,ok,0.10.4
364ad9851591fef756e2c6b03dcda631079d29fd,2026-08-24T07:01:35Z,build__cache,0.65,1164040,1702,ok,0.10.4
364ad9851591fef756e2c6b03dcda631079d29fd,2026-08-24T07:01:35Z,build__clang_argv,0.49,1165192,1559,ok,0.10.4
364ad9851591fef756e2c6b03dcda631079d29fd,2026-08-24T07:01:35Z,build__determinism,0.52,1168324,1497,ok,0.10.4
364ad9851591fef756e2c6b03dcda631079d29fd,2026-08-24T07:01:35Z,build__direct_link,0.52,1168580,2149,ok,0.10.4
364ad9851591fef756e2c6b03dcda631079d29fd,2026-08-24T07:01:35Z,build__emit_child_argv,0.28,1172684,302,ok,0.10.4
364ad9851591fef756e2c6b03dcda631079d29fd,2026-08-24T07:01:35Z,build__fs,0.60,1172684,2637,ok,0.10.4
364ad9851591fef756e2c6b03dcda631079d29fd,2026-08-24T07:01:35Z,build__fs_tree,0.45,1173452,1883,ok,0.10.4
364ad9851591fef756e2c6b03dcda631079d29fd,2026-08-24T07:01:35Z,build__hash,0.43,1177200,1654,ok,0.10.4
364ad9851591fef756e2c6b03dcda631079d29fd,2026-08-24T07:01:35Z,build__link,0.93,1177200,2747,ok,0.10.4
364ad9851591fef756e2c6b03dcda631079d29fd,2026-08-24T07:01:35Z,build__link_contract,0.38,1181924,712,ok,0.10.4
364ad9851591fef756e2c6b03dcda631079d29fd,2026-08-24T07:01:35Z,build__link_response,0.29,1181924,535,ok,0.10.4
364ad9851591fef756e2c6b03dcda631079d29fd,2026-08-24T07:01:35Z,build__llvm_provider_context,1.45,1182692,1834,ok,0.10.4
364ad9851591fef756e2c6b03dcda631079d29fd,2026-08-24T07:01:35Z,build__paths,0.34,1186276,964,ok,0.10.4
364ad9851591fef756e2c6b03dcda631079d29fd,2026-08-24T07:01:35Z,build__runtime_objs,3.15,1187172,11062,ok,0.10.4
364ad9851591fef756e2c6b03dcda631079d29fd,2026-08-24T07:01:35Z,build__runtime_selection,0.73,1199452,1445,ok,0.10.4
364ad9851591fef756e2c6b03dcda631079d29fd,2026-08-24T07:01:35Z,build__source_fingerprint,0.50,1199452,1632,ok,0.10.4
364ad9851591fef756e2c6b03dcda631079d29fd,2026-08-24T07:01:35Z,build__target,0.52,1200860,2660,ok,0.10.4
364ad9851591fef756e2c6b03dcda631079d29fd,2026-08-24T07:01:35Z,build__target_diagnostics,0.51,1203756,502,ok,0.10.4
364ad9851591fef756e2c6b03dcda631079d29fd,2026-08-24T07:01:35Z,build__target_state,0.25,1204524,173,ok,0.10.4
364ad9851591fef756e2c6b03dcda631079d29fd,2026-08-24T07:01:35Z,build__tensor_ir_link_harness,2.41,1205164,4030,ok,0.10.4
364ad9851591fef756e2c6b03dcda631079d29fd,2026-08-24T07:01:35Z,capsule_resolver__capability,1.56,1212516,4027,ok,0.10.4
364ad9851591fef756e2c6b03dcda631079d29fd,2026-08-24T07:01:35Z,capsule_resolver__check,0.83,1216864,2484,ok,0.10.4
364ad9851591fef756e2c6b03dcda631079d29fd,2026-08-24T07:01:35Z,capsule_resolver__compile,1.40,1221444,5062,ok,0.10.4
364ad9851591fef756e2c6b03dcda631079d29fd,2026-08-24T07:01:35Z,capsule_resolver__dedupe,1.32,1228808,6168,ok,0.10.4
364ad9851591fef756e2c6b03dcda631079d29fd,2026-08-24T07:01:35Z,capsule_resolver__discovery,1.13,1233800,5084,ok,0.10.4
364ad9851591fef756e2c6b03dcda631079d29fd,2026-08-24T07:01:35Z,capsule_resolver__identity,0.57,1239220,1566,ok,0.10.4
364ad9851591fef756e2c6b03dcda631079d29fd,2026-08-24T07:01:35Z,capsule_resolver__implicit,1.02,1242856,4054,ok,0.10.4
364ad9851591fef756e2c6b03dcda631079d29fd,2026-08-24T07:01:35Z,capsule_resolver__locate,0.47,1247336,1113,ok,0.10.4
364ad9851591fef756e2c6b03dcda631079d29fd,2026-08-24T07:01:35Z,capsule_resolver__mod,2.28,1247720,4674,ok,0.10.4
364ad9851591fef756e2c6b03dcda631079d29fd,2026-08-24T07:01:35Z,capsule_resolver__paths,0.55,1254832,1737,ok,0.10.4
364ad9851591fef756e2c6b03dcda631079d29fd,2026-08-24T07:01:35Z,capsule_resolver__provenance,0.34,1256368,486,ok,0.10.4
364ad9851591fef756e2c6b03dcda631079d29fd,2026-08-24T07:01:35Z,capsule_resolver__reachability,0.96,1259020,3790,ok,0.10.4
364ad9851591fef756e2c6b03dcda631079d29fd,2026-08-24T07:01:35Z,capsule_resolver__relative,0.69,1261196,1978,ok,0.10.4
364ad9851591fef756e2c6b03dcda631079d29fd,2026-08-24T07:01:35Z,capsule_resolver__stage_cache,0.45,1263792,1042,ok,0.10.4
364ad9851591fef756e2c6b03dcda631079d29fd,2026-08-24T07:01:35Z,capsule_resolver__staging,1.50,1265072,5109,ok,0.10.4
364ad9851591fef756e2c6b03dcda631079d29fd,2026-08-24T07:01:35Z,capsule_resolver__toolchain,0.59,1273084,1885,ok,0.10.4
364ad9851591fef756e2c6b03dcda631079d29fd,2026-08-24T07:01:35Z,capsule_resolver__types,0.63,1273852,677,ok,0.10.4
364ad9851591fef756e2c6b03dcda631079d29fd,2026-08-24T07:01:35Z,capsule_resolver__workspace,0.72,1277344,3059,ok,0.10.4
364ad9851591fef756e2c6b03dcda631079d29fd,2026-08-24T07:01:35Z,check__engine,2.10,1278624,5273,ok,0.10.4
364ad9851591fef756e2c6b03dcda631079d29fd,2026-08-24T07:01:35Z,check__import_resolution,0.91,1285164,1299,ok,0.10.4
364ad9851591fef756e2c6b03dcda631079d29fd,2026-08-24T07:01:35Z,check__ownership,1.07,1287084,1348,ok,0.10.4
364ad9851591fef756e2c6b03dcda631079d29fd,2026-08-24T07:01:35Z,cli__context,0.28,1289580,536,ok,0.10.4
364ad9851591fef756e2c6b03dcda631079d29fd,2026-08-24T07:01:35Z,cli__entry,1.01,1290476,2862,ok,0.10.4
364ad9851591fef756e2c6b03dcda631079d29fd,2026-08-24T07:01:35Z,cli__main,2.15,1295468,7392,ok,0.10.4
364ad9851591fef756e2c6b03dcda631079d29fd,2026-08-24T07:01:35Z,cli__verdict,0.30,1304052,717,ok,0.10.4
364ad9851591fef756e2c6b03dcda631079d29fd,2026-08-24T07:01:35Z,toolchain__dispatch,0.87,1305076,1921,ok,0.10.4
364ad9851591fef756e2c6b03dcda631079d29fd,2026-08-24T07:01:35Z,toolchain__host,0.34,1308168,788,ok,0.10.4
364ad9851591fef756e2c6b03dcda631079d29fd,2026-08-24T07:01:35Z,toolchain__install,1.46,1309064,3517,ok,0.10.4
364ad9851591fef756e2c6b03dcda631079d29fd,2026-08-24T07:01:35Z,toolchain__store,0.75,1312928,1563,ok,0.10.4
364ad9851591fef756e2c6b03dcda631079d29fd,2026-08-24T07:01:35Z,tools__check,2.24,1316732,2484,ok,0.10.4
364ad9851591fef756e2c6b03dcda631079d29fd,2026-08-24T07:01:35Z,tools__fmt_rules,0.39,1319544,1292,ok,0.10.4
364ad9851591fef756e2c6b03dcda631079d29fd,2026-08-24T07:01:35Z,cli__commands__add,1.07,1320440,3306,ok,0.10.4
364ad9851591fef756e2c6b03dcda631079d29fd,2026-08-24T07:01:35Z,cli__commands__bench,1.59,1324144,10475,ok,0.10.4
364ad9851591fef756e2c6b03dcda631079d29fd,2026-08-24T07:01:35Z,cli__commands__bench_consumer,0.84,1333596,3810,ok,0.10.4
364ad9851591fef756e2c6b03dcda631079d29fd,2026-08-24T07:01:35Z,cli__commands__bench_json,0.40,1335132,1469,ok,0.10.4
364ad9851591fef756e2c6b03dcda631079d29fd,2026-08-24T07:01:35Z,cli__commands__build,2.23,1337940,6117,ok,0.10.4
364ad9851591fef756e2c6b03dcda631079d29fd,2026-08-24T07:01:35Z,cli__commands__cache,0.49,1344512,1012,ok,0.10.4
364ad9851591fef756e2c6b03dcda631079d29fd,2026-08-24T07:01:35Z,cli__commands__capabilities,0.94,1347460,1961,ok,0.10.4
364ad9851591fef756e2c6b03dcda631079d29fd,2026-08-24T07:01:35Z,cli__commands__check,0.91,1348996,2387,ok,0.10.4
364ad9851591fef756e2c6b03dcda631079d29fd,2026-08-24T07:01:35Z,cli__commands__cmd_shared,0.50,1354368,1835,ok,0.10.4
364ad9851591fef756e2c6b03dcda631079d29fd,2026-08-24T07:01:35Z,cli__commands__completion,0.37,1355136,562,ok,0.10.4
364ad9851591fef756e2c6b03dcda631079d29fd,2026-08-24T07:01:35Z,cli__commands__config,0.79,1356032,1703,ok,0.10.4
364ad9851591fef756e2c6b03dcda631079d29fd,2026-08-24T07:01:35Z,cli__commands__dev,1.82,1358636,5500,ok,0.10.4
364ad9851591fef756e2c6b03dcda631079d29fd,2026-08-24T07:01:35Z,cli__commands__dev_arena,0.61,1364440,2184,ok,0.10.4
364ad9851591fef756e2c6b03dcda631079d29fd,2026-08-24T07:01:35Z,cli__commands__dev_clean,0.73,1368272,2652,ok,0.10.4
364ad9851591fef756e2c6b03dcda631079d29fd,2026-08-24T07:01:35Z,cli__commands__dev_det_sweep,1.28,1369040,5028,ok,0.10.4
364ad9851591fef756e2c6b03dcda631079d29fd,2026-08-24T07:01:35Z,cli__commands__dev_inventory,0.47,1374428,915,ok,0.10.4
364ad9851591fef756e2c6b03dcda631079d29fd,2026-08-24T07:01:35Z,cli__commands__dev_shard,1.37,1377760,4959,ok,0.10.4
364ad9851591fef756e2c6b03dcda631079d29fd,2026-08-24T07:01:35Z,cli__commands__dev_verify,1.35,1382460,5561,ok,0.10.4
364ad9851591fef756e2c6b03dcda631079d29fd,2026-08-24T07:01:35Z,cli__commands__emit,1.38,1390096,3417,ok,0.10.4
364ad9851591fef756e2c6b03dcda631079d29fd,2026-08-24T07:01:35Z,cli__commands__fmt,0.55,1395060,1364,ok,0.10.4
364ad9851591fef756e2c6b03dcda631079d29fd,2026-08-24T07:01:35Z,cli__commands__guillermo,0.43,1395316,724,ok,0.10.4
364ad9851591fef756e2c6b03dcda631079d29fd,2026-08-24T07:01:35Z,cli__commands__init,0.45,1396596,745,ok,0.10.4
364ad9851591fef756e2c6b03dcda631079d29fd,2026-08-24T07:01:35Z,cli__commands__lock,0.66,1399308,1590,ok,0.10.4
364ad9851591fef756e2c6b03dcda631079d29fd,2026-08-24T07:01:35Z,cli__commands__login,0.72,1400588,1143,ok,0.10.4
364ad9851591fef756e2c6b03dcda631079d29fd,2026-08-24T07:01:35Z,cli__commands__package,1.56,1403752,5705,ok,0.10.4
364ad9851591fef756e2c6b03dcda631079d29fd,2026-08-24T07:01:35Z,cli__commands__publish,1.13,1407368,2329,ok,0.10.4
364ad9851591fef756e2c6b03dcda631079d29fd,2026-08-24T07:01:35Z,cli__commands__run,1.76,1411156,4213,ok,0.10.4
364ad9851591fef756e2c6b03dcda631079d29fd,2026-08-24T07:01:35Z,cli__commands__symbols,1.21,1416296,2297,ok,0.10.4
364ad9851591fef756e2c6b03dcda631079d29fd,2026-08-24T07:01:35Z,cli__commands__toolchain,0.85,1420408,1370,ok,0.10.4
364ad9851591fef756e2c6b03dcda631079d29fd,2026-08-24T07:01:35Z,cli__commands__version,0.37,1421560,473,ok,0.10.4
364ad9851591fef756e2c6b03dcda631079d29fd,2026-08-24T07:01:35Z,tools__fmt__emitter,0.85,1424748,5645,ok,0.10.4
364ad9851591fef756e2c6b03dcda631079d29fd,2026-08-24T07:01:35Z,tools__fmt__generics,0.51,1426924,1962,ok,0.10.4
364ad9851591fef756e2c6b03dcda631079d29fd,2026-08-24T07:01:35Z,tools__fmt__imports,0.93,1429544,3656,ok,0.10.4
364ad9851591fef756e2c6b03dcda631079d29fd,2026-08-24T07:01:35Z,tools__fmt__mod,0.73,1434396,848,ok,0.10.4
364ad9851591fef756e2c6b03dcda631079d29fd,2026-08-24T07:01:35Z,tools__fmt__tokens,0.87,1434396,2728,ok,0.10.4
364ad9851591fef756e2c6b03dcda631079d29fd,2026-08-24T07:01:35Z,tools__fmt__types,0.62,1436924,593,ok,0.10.4
364ad9851591fef756e2c6b03dcda631079d29fd,2026-08-24T07:01:35Z,tools__fmt__unary,0.51,1438076,1886,ok,0.10.4
364ad9851591fef756e2c6b03dcda631079d29fd,2026-08-24T07:01:35Z,cli__commands__test__arg_and_jobs,0.59,1441152,2110,ok,0.10.4
364ad9851591fef756e2c6b03dcda631079d29fd,2026-08-24T07:01:35Z,cli__commands__test__cache_scratch,0.87,1442176,2914,ok,0.10.4
364ad9851591fef756e2c6b03dcda631079d29fd,2026-08-24T07:01:35Z,cli__commands__test__discovery,1.92,1446152,4092,ok,0.10.4
364ad9851591fef756e2c6b03dcda631079d29fd,2026-08-24T07:01:35Z,cli__commands__test__exec,0.55,1451872,2257,ok,0.10.4
364ad9851591fef756e2c6b03dcda631079d29fd,2026-08-24T07:01:35Z,cli__commands__test__link,0.78,1455412,2146,ok,0.10.4
364ad9851591fef756e2c6b03dcda631079d29fd,2026-08-24T07:01:35Z,cli__commands__test__mod,3.01,1459832,7051,ok,0.10.4
364ad9851591fef756e2c6b03dcda631079d29fd,2026-08-24T07:01:35Z,cli__commands__test__multi_file_run,1.68,1467192,5054,ok,0.10.4
364ad9851591fef756e2c6b03dcda631079d29fd,2026-08-24T07:01:35Z,cli__commands__test__pool,0.97,1472528,3782,ok,0.10.4
364ad9851591fef756e2c6b03dcda631079d29fd,2026-08-24T07:01:35Z,cli__commands__test__reporting,0.73,1477616,3724,ok,0.10.4
364ad9851591fef756e2c6b03dcda631079d29fd,2026-08-24T07:01:35Z,cli__commands__test__single_process_run,2.65,1481528,7072,ok,0.10.4
